FromTheEdge.md,0

Part1.md,1
Seasons.md,1,0
OceanTower.md,1,1
NightInParadise.md,1,2
BackYard.md,1,3
Dawn.md,1,4
Eagle.md,1,5
PelicanHaiku.md,1,6
SeaOfGlass.md,1,7
Coffee.md,1,8
Moonlight.md,1,9
MaunaKea.md,1,10
Sunset.md,1,11
Sunrise.md,1,12
Mastodon.md,1,13
TierraDelFuego.md,1,14
Storm.md,1,15
YardBirds.md,1,16
EagleFlight.md,1,17
EagleHeron.md,1,18
FirstOnes.md,1,19
OldSeaman.md,1,21

Part2.md,2
Egodom.md,2,6
BeautyBeast.md,2,7
Optimist.md,2,8
FirstDay.md,2,9
RiddleOfLife.md,2,10
SomethingOld.md,2,11
Transactions.md,2,12
BucketList.md,2,13
DeepWide.md,2,14
MissYou.md,2,15
Control.md,2,16
GiftOfToday.md,2,17
RunningEmpty.md,2,18
Happiness.md,2,19
FoodFun.md,2,20
TrueLove.md,2,21
Valentine.md,2,22
Coma.md,2,23
Mansplaining.md,2,24
Darkness.md,2,25
Tears.md,2,27
Stub.md,2,28
Experience.md,2,29
PureWater.md,2,30
TouchedWithFire.md,2,31
Beast.md,2,32
HourOfBliss.md, 2,33

Part3.md,3
RiseOfEmpire.md,3,27
Balance.md,3,28
BestTimes.md,3,29
ShrinkingWorld.md,3,30
Pacifist.md,3,31
BornForThis.md,3,32
Invoke.md,3,33
RichestMen.md,3,34
RightOrder.md,3,35
Generation.md,3,37
FunnyFarm.md,3,38
Emperor.md,3,39
Wealth.md,3,40
DontBelieve.md,3,41
TwoKindsOfPeople.md,3,42
Amazon.md,3,43

Part4.md,4
Rest.md,4,35
BestOfUs.md,4,36
Horizon.md,4,37
Kindness.md,4,38
Caring.md,4,39
Groceries.md,4,40
LoveTransform.md,4,41
Dream.md,4,42
AmericanJesus.md,4,43
Wolves.md,4,44
Invitations.md,4,45
Fruit.md,4,46
StepIntoDark.md,4,47
Now.md,4,48
Grief.md,4,49
GoWithGod.md,4,50
Mother.md,4,51
StraightLine.md,4,52
GoodNews.md,4,53
Heroes.md,4,54
LifeQuestions.md,4,55
DoBe.md,4,56
