chapter/01.md,1
skill/01.md,1,2
skill/02.md,1,3
skill/03.md,1,4
demo/01.md,1,5
project/01.md,1,6
chapter/02.md,2
skill/04.md,2,8
skill/05.md,2,9
skill/06.md,2,10
demo/02.md,2,11
project/02.md,2,12
chapter/03.md,3
skill/07.md,3,14
skill/08.md,3,15
skill/09.md,3,16
demo/03.md,3,17
project/03.md,3,18
chapter/04.md,4
skill/10.md,4,20
skill/11.md,4,21
skill/12.md,4,22
demo/04.md,4,23
project/04.md,4,24
chapter/05.md,5
skill/13.md,5,26
skill/14.md,5,27
skill/15.md,5,28
demo/05.md,5,29
project/05.md,5,30
chapter/06.md,6
skill/16.md,6,32
skill/17.md,6,33
skill/18.md,6,34
demo/06.md,6,35
project/06.md,6,36
chapter/07.md,7
skill/19.md,7,38
skill/20.md,7,39
skill/21.md,7,40
demo/07.md,7,41
project/07.md,7,42
chapter/08.md,8
skill/22.md,8,44
skill/23.md,8,45
skill/24.md,8,46
demo/08.md,8,47
project/08.md,8,48
chapter/09.md,9
skill/25.md,9,50
skill/26.md,9,51
skill/27.md,9,52
demo/09.md,9,53
project/09.md,9,54
chapter/10.md,10
skill/28.md,10,56
skill/29.md,10,57
skill/30.md,10,58
demo/10.md,10,59
project/10.md,10,60
chapter/11.md,11
skill/31.md,11,62
skill/32.md,11,63
skill/33.md,11,64
demo/11.md,11,65
project/11.md,11,66
chapter/12.md,12
skill/34.md,12,68
skill/35.md,12,69
skill/36.md,12,70
demo/12.md,12,71
project/12.md,12,72
chapter/13.md,13
skill/37.md,13,74
skill/38.md,13,75
skill/39.md,13,76
demo/13.md,13,77
project/13.md,13,78
chapter/14.md,14
skill/40.md,14,80
skill/41.md,14,81
skill/42.md,14,82
demo/14.md,14,83
project/14.md,14,84
