Intro.md,1
Week1.md,2
01.md,2,1
02.md,2,2
03.md,2,3
04.md,2,4
05.md,2,5
06.md,2,6
07.md,2,7
Week2.md,3
08.md,3,1
09.md,3,2
10.md,3,3
11.md,3,4
12.md,3,5
13.md,3,6
14.md,3,7
Week3.md,4
15.md,4,1
16.md,4,2
17.md,4,3
18.md,4,4
19.md,4,5
20.md,4,6
21.md,4,7
Week4.md,5
22.md,5,1
23.md,5,2
24.md,5,3
25.md,5,4
26.md,5,5
27.md,5,6
28.md,5,7
Week5.md,6
29.md,6,1
30.md,6,2
31.md,6,3
32.md,6,4
33.md,6,5
34.md,6,6
35.md,6,7
Week6.md,7
36.md,7,1
37.md,7,2
38.md,7,3
39.md,7,4
40.md,7,5
41.md,7,6
42.md,7,7
Week7.md,8
43.md,8,1
44.md,8,2
45.md,8,3
46.md,8,4
47.md,8,5
48.md,8,6
49.md,8,7
Week8.md,9
50.md,9,1
51.md,9,2
52.md,9,3
53.md,9,4
54.md,9,5
55.md,9,6
56.md,9,7
Week13.md,14
85.md,14,1
86.md,14,2
87.md,14,3
88.md,14,4
89.md,14,5
90.md,14,6
91.md,14,7
