course/Index.md,0
course/Overview.md,0,3
course/LearnByDoing.md,0,4
course/TeamProject.md,0,5

m1/Index.md,1
m1/Lesson_1.md,1,4
m1/Lesson_2.md,1,5
m1/Lesson_3.md,1,6
m1/Lesson_4.md,1,7
m1/Requirements.md,1,8
m1/Design.md,1,9
m1/Code.md,1,10
m1/Test.md,1,11

m2/Index.md,2
m2/Lesson_5.md,2,4
m2/Lesson_6.md,2,5
m2/Lesson_7.md,2,6
m2/Lesson_8.md,2,7
m2/Requirements.md,2,8
m2/Design.md,2,9
m2/Code.md,2,10
m2/Test.md,2,11

m3/Index.md,3
m3/Lesson_9.md,3,1
m3/Lesson_10.md,3,2
m3/Lesson_11.md,3,3
m3/Lesson_12.md,3,4
m3/Requirements.md,3,5
m3/Design.md,3,6
m3/Code.md,3,7
m3/Test.md,3,8

m4/Index.md,4
m4/Lesson_13.md,4,2
m4/Lesson_14.md,4,3
m4/Lesson_15.md,4,4
m4/Lesson_16.md,4,5
m4/Requirements.md,4,8
m4/Design.md,4,9
m4/Code.md,4,10
m4/Test.md,4,11